71affaec-50dc-40ce-a672-67d80514b37b,done,2026-01-31T18:41:29.128739
3bb8e217-b69a-4d61-802c-ed0ff010d39c,done,2026-01-31T18:43:30.174683
aad829c3-5482-48f1-b605-4145f38730f1,in_progress,2026-01-31T18:43:30.174720
c4a661aa-e2c5-476c-90cf-57071c695d45,pending,2026-01-31T18:43:30.174732
469376da-8a90-41c5-8215-5c940e0c5851,pending,2026-01-31T18:43:30.174740
1ac06d59-161f-4b0a-b972-ab3659598dfa,pending,2026-01-31T18:43:30.174747
4db89589-c70e-4473-a314-b72d525654e3,pending,2026-01-31T18:43:30.174754
b4e63788-c481-41c1-8f8c-5150da0e188e,pending,2026-01-31T18:43:30.174761
5b53ad7f-154f-4984-8f17-018b1d668d35,pending,2026-01-31T18:43:30.174768
7c96f7eb-ffbc-43ea-aa1b-776508e355dd,pending,2026-01-31T18:43:30.174775
50474644-33dc-4716-a65d-27371d21559a,pending,2026-01-31T18:43:30.174783
b27d2d86-d037-4e59-a3fa-e64ccc3c48b8,pending,2026-01-31T18:43:30.174789
6aab1409-aa09-4c36-9124-9625a715c621,pending,2026-01-31T18:43:30.174796
40071ce4-c5aa-44cf-86c5-24509a5bb71f,pending,2026-01-31T18:43:30.174803
c88fb0ef-53ed-4e86-b010-ba3669b4a6e2,pending,2026-01-31T18:43:30.174809
fb9f0873-7bf5-4a9b-baf5-d35f7763aef0,pending,2026-01-31T18:43:30.174816
a6abbd3d-7a62-4f5b-985c-c3fe2a4efa42,pending,2026-01-31T18:43:30.174822
e4553d5b-b34b-48be-adb5-23899dac9fb9,pending,2026-01-31T18:43:30.174829
6408bed1-1a13-4404-9308-9b7f9b374e33,pending,2026-01-31T18:43:30.174837
73cc727b-b518-4073-a1dd-9574e3e53fe0,pending,2026-01-31T18:43:30.174844
7c85cc10-d0e0-430a-8237-56dc3bf8e025,pending,2026-01-31T18:43:30.174851
51046177-274b-43b6-85e5-642e5ea9ad8a,pending,2026-01-31T18:43:30.174857
2d525229-3253-4b4f-80cf-e4985a2d892b,pending,2026-01-31T18:43:30.174864
e5d9087f-be94-4d2d-9186-27c35679b8fb,pending,2026-01-31T18:43:30.174871
59281e78-16a2-43c1-a84b-32316ad5991d,pending,2026-01-31T18:43:30.174878
70f6c775-87a2-4bae-b326-fc06997f704e,pending,2026-01-31T18:43:30.174884
692ae956-dd56-4b81-921f-2eb39f02de08,pending,2026-01-31T18:43:30.174891
a94175aa-5dd2-484c-838a-4b49a62a2f8a,pending,2026-01-31T18:43:30.174898
f92a1ff8-10b3-48b7-90f9-3b94c0ec7c8b,pending,2026-01-31T18:43:30.174905
e97e407e-02d7-470c-9763-5bc2c5e6ec74,pending,2026-01-31T18:43:30.174912
e5f795f6-e63b-480e-a5f7-6dd2367e8eae,pending,2026-01-31T18:43:30.174919
bb60633b-c113-484b-ae20-c2f57fa6049b,pending,2026-01-31T18:43:30.174925
ad668f1d-5d58-47d9-89f7-2d600e934b33,pending,2026-01-31T18:43:30.174932
0bba6100-0e46-4439-bc4f-d1e1a2510a17,pending,2026-01-31T18:43:30.174939
eae2e275-967b-43e9-86ff-a951f8ef9447,pending,2026-01-31T18:43:30.174945
0faef4da-d0a5-42a1-b61b-6472316af4da,pending,2026-01-31T18:43:30.174952
fa6886e6-647c-4d7d-acad-289d958220e7,pending,2026-01-31T18:43:30.174959
f6dbd573-d713-49b6-a43b-e827b41e379a,pending,2026-01-31T18:43:30.174965
44a14a0f-e65e-456c-a0b8-a0a7d42fd4c1,pending,2026-01-31T18:43:30.174972
d065bc9a-d299-45bd-9fa7-8e9f267dc0cf,pending,2026-01-31T18:43:30.174979
31be73c0-1c30-4f6a-9852-9f738cfee960,pending,2026-01-31T18:43:30.174985
cf0b1fec-151a-4e01-80c9-4764081ab526,pending,2026-01-31T18:43:30.174992
d1d095ed-82db-4a1d-b4d5-8c646e1bca01,pending,2026-01-31T18:43:30.174999
47ef4a05-4a32-4b52-873d-df1116def2a7,pending,2026-01-31T18:43:30.175005
be633683-34c5-443f-b242-79a3ce18a11c,pending,2026-01-31T18:43:30.175012
b3d96743-0056-415c-9792-73931af322ac,pending,2026-01-31T18:43:30.175018
d9cd4163-d899-492a-a767-e46893290f4f,pending,2026-01-31T18:43:30.175025
d813064c-3b74-420c-b220-6474663a8ea9,pending,2026-01-31T18:43:30.175031
8d0f76ee-f2ef-4d92-862a-391435343147,pending,2026-01-31T18:43:30.175038
6d15d90f-a22e-4371-8291-8e8256630169,pending,2026-01-31T18:43:30.175044
0b9cc739-895a-4ea6-8773-c4ce919d56bb,pending,2026-01-31T18:43:30.175051
5ea030e4-b88d-4c03-a42c-d4693d6266e1,pending,2026-01-31T18:43:30.175058
00b7649a-6f6d-4250-ad8e-d9c6e4abf1c2,pending,2026-01-31T18:43:30.175064
b62cfdba-09c9-48c2-a802-4e0f84a12719,pending,2026-01-31T18:43:30.175071
20909eed-a1e1-4be3-b15d-046607b817b9,pending,2026-01-31T18:43:30.175079
3cb8069e-1d08-4909-8a34-495b5e035f65,pending,2026-01-31T18:43:30.175086
ce6e27c1-59b5-44f2-ac5b-7bde0d597ab7,pending,2026-01-31T18:43:30.175093
c6417d64-72c1-4999-b7ce-4c8da643510f,pending,2026-01-31T18:43:30.175099
bfeca0e3-7857-465c-b8b3-8f2d7c51211c,pending,2026-01-31T18:43:30.175106
b0d6e9dd-d514-4dd9-bf5d-000fce953cc6,pending,2026-01-31T18:43:30.175113
f470dc79-d1fe-4649-bf0b-4052ddb94cc9,pending,2026-01-31T18:43:30.175119
1febc115-c927-43a0-8e16-4c754176c585,pending,2026-01-31T18:43:30.175127
fe581984-d934-4ff2-abc4-63813b4d07a7,pending,2026-01-31T18:43:30.175136
2f68f37c-e9bf-4248-9982-21099463111e,pending,2026-01-31T18:43:30.175143
87efea4c-a833-4ade-aa7f-0fee01885ce3,pending,2026-01-31T18:43:30.175149
e90ec82c-0eaf-4494-bd42-92c7902b2929,pending,2026-01-31T18:43:30.175156
34971126-2552-4977-ba99-ce18f3463db3,pending,2026-01-31T18:43:30.175163
bcd139fd-7933-4ce3-a13d-fb758502a6c5,pending,2026-01-31T18:43:30.175170
e86aca05-ec4f-42bd-a2a4-baa96dba0dfe,pending,2026-01-31T18:43:30.175176
c16f7d1b-d5c4-4d48-a68b-031d8ebda95d,pending,2026-01-31T18:43:30.175183
72c3030b-50d7-4b4a-961d-8cdb98713522,pending,2026-01-31T18:43:30.175190
d7c20e59-d4a5-4676-8aa4-946ff4d18f5b,pending,2026-01-31T18:43:30.175196
dab3dc3f-dc40-4b80-9803-19930a1c695f,pending,2026-01-31T18:43:30.175203
7ee13330-1bef-456d-acf5-12a576a3a6b1,pending,2026-01-31T18:43:30.175210
17a27269-43eb-414e-a326-2c594ac0a134,pending,2026-01-31T18:43:30.175217
eb364a45-aefd-4cc1-a9fa-5efd4213f435,pending,2026-01-31T18:43:30.175224
f679abf7-a309-4704-87cc-4be52d4ded81,pending,2026-01-31T18:43:30.175230
6aec2273-4e24-4617-93ff-a3da1ad769fb,pending,2026-01-31T18:43:30.175237
3b8773a0-549b-43df-91c5-64eb013dec3f,pending,2026-01-31T18:43:30.175244
a464270a-8976-4665-875c-7d39b002cb8f,pending,2026-01-31T18:43:30.178204
ecd386c5-bbec-44e1-a5f3-4e55f909a59a,pending,2026-01-31T18:43:30.178221
6936a041-de80-459a-9f44-b8cc20b15ed9,pending,2026-01-31T18:43:30.178232
da7889b2-df27-4539-a5d2-dacd2cd403da,pending,2026-01-31T18:43:30.178242
d3ae8d05-1821-4511-9c5c-a28c3572e1a5,pending,2026-01-31T18:43:30.178250
d2fe5d48-e481-49f8-9648-fdfa726f37a8,pending,2026-01-31T18:43:30.178258
d7842c60-2813-4530-94de-3c475169b558,pending,2026-01-31T18:43:30.178266
c4e4d697-eba1-4d32-9f0b-2e110d9063dc,pending,2026-01-31T18:43:30.178275
ea211c43-07cc-45f6-8f65-635149eeebbe,pending,2026-01-31T18:43:30.178284
d1709307-7aaa-4aa3-b68d-b3f25cfa524b,pending,2026-01-31T18:43:30.178292
6a66c21f-9b3a-4232-aed2-7c256e089129,pending,2026-01-31T18:43:30.178299
1965c839-7195-40df-a1b2-095d32123dda,pending,2026-01-31T18:43:30.178307
dd78f6d2-49b9-4fb1-86ea-25ffd0cee525,pending,2026-01-31T18:43:30.178318
fb320373-c9a6-4ad2-a8eb-4f1049fb2dca,pending,2026-01-31T18:43:30.178326
25290f4e-a05b-4baa-a11b-6719c72a2b67,pending,2026-01-31T18:43:30.178334
4d64c78d-f7e9-4570-aa5d-a148437c88f3,pending,2026-01-31T18:43:30.178343
98d3692d-45ff-4778-838a-816146a65c1b,pending,2026-01-31T18:43:30.178351
c7880042-688f-4a71-96cb-d0e0355358f8,pending,2026-01-31T18:43:30.178359
7038f6b0-462a-4957-afab-401be91aef97,pending,2026-01-31T18:43:30.178367
2a550bc9-fe66-4c09-b155-af9151f159c2,pending,2026-01-31T18:43:30.178375
48a7ab86-4e8c-4822-8637-b53be7280c2a,pending,2026-01-31T18:43:30.178383
e7c1ca0d-c703-42cf-b7d2-f6f0c9808ab8,pending,2026-01-31T18:43:30.178391
